{"cameraMode":{"drawMode":0,"name":"Shaded","section":"Shading Mode"},"sceneLighting":true,"audioPlay":false,"sceneViewState":{"showFog":true,"showMaterialUpdate":false,"showSkybox":true,"showFlares":true,"showImageEffects":true,"showParticleSystems":true,"showVisualEffectGraphs":true,"m_FxEnabled":true},"in2DMode":false,"pivot":{"x":-0.20699052512645722,"y":-0.4374329745769501,"z":3.9771432876586916},"rotation":{"x":-0.13043732941150666,"y":0.000591845833696425,"z":-0.00007808619557181373,"w":-0.9914587736129761},"size":6.307395935058594,"orthographic":false}